Agent,Average_Score,Win_Percentage,Average_Score_Difference,Best_Partner,Best_Partner_Score,Cooperation_Rate
Tit-for-Tat Agent,198.85714285714286,0.0,0.0,Tit-for-Tat Agent,600,0.8
Rhythmic Agent,51.714285714285715,42.857142857142854,-72.0,Q-Learning Agent,396,0.67
Probabilistic Agent,44.57142857142857,28.57142857142857,-162.28571428571428,Prediction Agent,448,0.7642857142857142
Prediction Agent,174.28571428571428,0.0,-38.857142857142854,Tit-for-Tat Agent,600,0.87
Grudge Agent,219.71428571428572,57.14285714285714,291.42857142857144,Tit-for-Tat Agent,600,0.44142857142857145
ML Prediction Agent,-8.857142857142858,71.42857142857143,65.14285714285714,Probabilistic Agent,40,0.42714285714285716
Q-Learning Agent,66.57142857142857,42.857142857142854,-88.0,Q-Learning Agent,528,0.7171428571428572
