Agent,Average_Score,Win_Percentage,Average_Score_Difference,Best_Partner,Best_Partner_Score
Tit-for-Tat Agent,392.0,0.0,0.0,Tit-for-Tat Agent,1200
Rhythmic Agent,87.14285714285714,57.14285714285714,-158.85714285714286,Q-Learning Agent,756
Probabilistic Agent,98.85714285714286,14.285714285714285,-324.57142857142856,Prediction Agent,900
Prediction Agent,366.85714285714283,0.0,-93.71428571428571,Tit-for-Tat Agent,1200
Grudge Agent,405.7142857142857,57.14285714285714,566.8571428571429,Tit-for-Tat Agent,1200
ML Prediction Agent,0.8571428571428571,71.42857142857143,154.28571428571428,Probabilistic Agent,104
Q-Learning Agent,183.14285714285714,28.57142857142857,-186.28571428571428,Prediction Agent,1124
