Agent,Average_Score,Win_Percentage,Average_Score_Difference,Best_Partner,Best_Partner_Score
Tit-for-Tat Agent,397.7142857142857,0.0,0.0,Tit-for-Tat Agent,1200
Rhythmic Agent,104.85714285714286,57.14285714285714,-145.14285714285714,Q-Learning Agent,812
Probabilistic Agent,88.0,28.57142857142857,-322.2857142857143,Prediction Agent,948
Prediction Agent,377.42857142857144,0.0,-78.85714285714286,Tit-for-Tat Agent,1200
Grudge Agent,398.2857142857143,57.14285714285714,541.7142857142857,Tit-for-Tat Agent,1200
ML Prediction Agent,-3.7142857142857144,57.14285714285714,195.42857142857142,Probabilistic Agent,140
Q-Learning Agent,110.28571428571429,71.42857142857143,-185.14285714285714,Q-Learning Agent,1036
