Agent,Average_Score,Win_Percentage,Average_Score_Difference,Best_Partner,Best_Partner_Score
Tit-for-Tat Agent,189.14285714285714,0.0,0.0,Tit-for-Tat Agent,600
Rhythmic Agent,58.285714285714285,42.857142857142854,-66.28571428571429,Q-Learning Agent,404
Probabilistic Agent,39.42857142857143,42.857142857142854,-148.57142857142858,Probabilistic Agent,388
Prediction Agent,198.28571428571428,14.285714285714285,-22.857142857142858,Tit-for-Tat Agent,600
Grudge Agent,200.28571428571428,57.14285714285714,277.7142857142857,Tit-for-Tat Agent,600
ML Prediction Agent,-2.2857142857142856,57.14285714285714,73.14285714285714,Probabilistic Agent,48
Q-Learning Agent,84.57142857142857,28.57142857142857,-89.14285714285714,Prediction Agent,568
