Agent,Average_Score,Win_Percentage,Average_Score_Difference,Best_Partner,Best_Partner_Score
Tit-for-Tat Agent,164.85714285714286,0.0,-1.1428571428571428,Tit-for-Tat Agent,600
Rhythmic Agent,36.0,28.57142857142857,-114.28571428571429,Tit-for-Tat Agent,336
Probabilistic Agent,26.0,14.285714285714285,-170.28571428571428,Prediction Agent,484
Prediction Agent,168.85714285714286,0.0,-40.0,Tit-for-Tat Agent,600
Grudge Agent,284.2857142857143,57.14285714285714,330.2857142857143,Tit-for-Tat Agent,600
ML Prediction Agent,-44.285714285714285,85.71428571428571,124.57142857142857,Rhythmic Agent,152
Q-Learning Agent,54.857142857142854,28.57142857142857,-148.57142857142858,Prediction Agent,584
