Agent,Average_Score,Win_Percentage,Average_Score_Difference,Best_Partner,Best_Partner_Score
Tit-for-Tat Agent,366.85714285714283,0.0,-2.2857142857142856,Tit-for-Tat Agent,1200
Rhythmic Agent,44.57142857142857,42.857142857142854,-224.0,Tit-for-Tat Agent,672
Probabilistic Agent,134.0,28.57142857142857,-225.14285714285714,Prediction Agent,1028
Prediction Agent,334.57142857142856,14.285714285714285,-60.57142857142857,Tit-for-Tat Agent,1200
Grudge Agent,426.2857142857143,57.14285714285714,576.0,Tit-for-Tat Agent,1200
ML Prediction Agent,-29.142857142857142,71.42857142857143,134.85714285714286,Probabilistic Agent,120
Q-Learning Agent,182.28571428571428,42.857142857142854,-176.0,Prediction Agent,1128
